﻿<?xml version="1.0" encoding="ISO-8859-1"?>
<root>
	<item id="Title"><![CDATA[Discuz! Plugin]]></item>
	<item id="Version"><![CDATA[X1.5]]></item>
	<item id="Time"><![CDATA[2011-04-05 17:34]]></item>
	<item id="From"><![CDATA[Discuz! Board (http://127.0.0.1/x15/)]]></item>
	<item id="Data">
		<item id="plugin">
			<item id="available"><![CDATA[1]]></item>
			<item id="adminid"><![CDATA[1]]></item>
			<item id="name"><![CDATA[今天过生日]]></item>
			<item id="identifier"><![CDATA[enumen_birthday]]></item>
			<item id="description"><![CDATA[]]></item>
			<item id="datatables"><![CDATA[]]></item>
			<item id="directory"><![CDATA[enumen_birthday/]]></item>
			<item id="copyright"><![CDATA[Enumen.com]]></item>
			<item id="version"><![CDATA[1.0.0]]></item>
			<item id="__modules">
				<item id="0">
					<item id="name"><![CDATA[enumen_birthday]]></item>
					<item id="menu"><![CDATA[]]></item>
					<item id="url"><![CDATA[]]></item>
					<item id="type"><![CDATA[11]]></item>
					<item id="adminid"><![CDATA[0]]></item>
					<item id="displayorder"><![CDATA[0]]></item>
					<item id="navtitle"><![CDATA[]]></item>
					<item id="navicon"><![CDATA[]]></item>
					<item id="navsubname"><![CDATA[]]></item>
					<item id="navsuburl"><![CDATA[]]></item>
				</item>
			</item>
		</item>
		<item id="version"><![CDATA[X1.5]]></item>
	</item>
</root>